{
  "_meta": {
    "models": {
      "calculatedPayments": "Cálculos pre-PO que agrupan asignaciones completadas por vendor, mes, fase y moneda. Representan lo que se debe pagar antes de generar la Purchase Order.",
      "purchaseOrders": "Órdenes de compra consolidadas generadas automáticamente para liquidar pagos a vendors. Agrupan todas las asignaciones de un vendor por mes y moneda, listas para aprobar y exportar al ERP.",
      "poLineItems": "Líneas de detalle dentro de una Purchase Order. Cada línea representa una asignación individual con su información (order, show, episode, fase, minutos, tarifa, monto).",
      "payments": "Registros de pagos procesados. Representan el monto pagado a un vendor por una PO específica, con información de fecha, método de pago y referencia para detección de duplicados."
    },
    "relationships": [
      "Cada CalculatedPayment puede generar una PurchaseOrder",
      "Cada PurchaseOrder contiene múltiples POLineItems (una por asignación)",
      "Cada PurchaseOrder puede tener múltiples Payments (pagos parciales o completos)",
      "Los Payments se usan para detectar pagos duplicados mediante hash MD5",
      "Las PurchaseOrders se generan a partir de CalculatedPayments agrupados por vendor, mes y moneda"
    ],
    "description": "Esta sección maneja la liquidación y pagos a vendors. Incluye cálculo automático de pagos, generación de Purchase Orders, aprobación, exportación al ERP, y detección de pagos duplicados."
  },
  "calculatedPayments": [
    {
      "id": "calc-001",
      "vendorId": "ven-001",
      "vendorName": "Agostina Ferreyra",
      "paymentMonth": "2025-01",
      "phase": "voice recording",
      "currency": "ARS",
      "totalAssignments": 3,
      "totalMinutes": 135,
      "subtotal": 19575,
      "qualityBonusTotal": 0,
      "monthlyBonusTotal": 0,
      "fullShowBonusTotal": 0,
      "grandTotal": 19575,
      "poGenerated": true,
      "poId": "po-001",
      "calculatedAt": "2025-02-01T10:00:00Z"
    },
    {
      "id": "calc-002",
      "vendorId": "ven-004",
      "vendorName": "Carlos Mendoza",
      "paymentMonth": "2025-01",
      "phase": "voice recording",
      "currency": "ARS",
      "totalAssignments": 2,
      "totalMinutes": 88,
      "subtotal": 15840,
      "qualityBonusTotal": 2376,
      "monthlyBonusTotal": 0,
      "fullShowBonusTotal": 0,
      "grandTotal": 18216,
      "poGenerated": true,
      "poId": "po-002",
      "calculatedAt": "2025-02-01T10:00:00Z"
    },
    {
      "id": "calc-003",
      "vendorId": "ven-007",
      "vendorName": "Adaptation Pro",
      "paymentMonth": "2025-01",
      "phase": "adaptación",
      "currency": "ARS",
      "totalAssignments": 5,
      "totalMinutes": 220,
      "subtotal": 176000,
      "qualityBonusTotal": 0,
      "monthlyBonusTotal": 0,
      "fullShowBonusTotal": 0,
      "grandTotal": 176000,
      "poGenerated": false,
      "calculatedAt": "2025-02-01T10:00:00Z"
    },
    {
      "id": "calc-004",
      "vendorId": "ven-008",
      "vendorName": "Sound Masters",
      "paymentMonth": "2025-01",
      "phase": "sound editing",
      "currency": "USD",
      "totalAssignments": 4,
      "totalMinutes": 88,
      "subtotal": 39.6,
      "qualityBonusTotal": 0,
      "monthlyBonusTotal": 0,
      "fullShowBonusTotal": 0,
      "grandTotal": 39.6,
      "poGenerated": true,
      "poId": "po-003",
      "calculatedAt": "2025-02-01T10:00:00Z"
    }
  ],
  "purchaseOrders": [
    {
      "id": "po-001",
      "poNumber": "PO-2025-01-001",
      "vendorId": "ven-001",
      "vendorName": "Agostina Ferreyra",
      "vendorEmail": "ferreyralocutora@gmail.com",
      "paymentMonth": "2025-01",
      "currency": "ARS",
      "subtotal": 19575,
      "bonuses": 0,
      "total": 19575,
      "status": "approved",
      "generatedAt": "2025-02-01T10:15:00Z",
      "approvedBy": "user-001",
      "approvedAt": "2025-02-01T14:30:00Z",
      "pdfUrl": "/pdfs/PO-2025-01-001.pdf",
      "notes": "Pago por trabajos de voice recording en Dark Secrets"
    },
    {
      "id": "po-002",
      "poNumber": "PO-2025-01-002",
      "vendorId": "ven-004",
      "vendorName": "Carlos Mendoza",
      "vendorEmail": "carlos.mendoza@voicepro.com",
      "paymentMonth": "2025-01",
      "currency": "ARS",
      "subtotal": 15840,
      "bonuses": 2376,
      "total": 18216,
      "status": "sent_to_erp",
      "generatedAt": "2025-02-01T10:20:00Z",
      "approvedBy": "user-001",
      "approvedAt": "2025-02-01T15:00:00Z",
      "sentToErpAt": "2025-02-02T09:00:00Z",
      "erpReference": "ERP-2025-001234",
      "pdfUrl": "/pdfs/PO-2025-01-002.pdf"
    },
    {
      "id": "po-003",
      "poNumber": "PO-2025-01-003",
      "vendorId": "ven-008",
      "vendorName": "Sound Masters",
      "vendorEmail": "hello@soundmasters.com",
      "paymentMonth": "2025-01",
      "currency": "USD",
      "subtotal": 39.6,
      "bonuses": 0,
      "total": 39.6,
      "status": "pending_approval",
      "generatedAt": "2025-02-01T10:25:00Z",
      "notes": "Pendiente de revisión por cambio de tarifa"
    },
    {
      "id": "po-004",
      "poNumber": "PO-2025-01-004",
      "vendorId": "ven-009",
      "vendorName": "QA Specialists",
      "vendorEmail": "qa@qaspecialists.com",
      "paymentMonth": "2025-01",
      "currency": "ARS",
      "subtotal": 15000,
      "bonuses": 0,
      "total": 15000,
      "status": "paid",
      "generatedAt": "2025-02-01T10:30:00Z",
      "approvedBy": "user-001",
      "approvedAt": "2025-02-01T16:00:00Z",
      "sentToErpAt": "2025-02-02T10:00:00Z",
      "erpReference": "ERP-2025-001235",
      "paidAt": "2025-02-05T11:00:00Z",
      "pdfUrl": "/pdfs/PO-2025-01-004.pdf"
    }
  ],
  "poLineItems": [
    {
      "id": "line-001",
      "poId": "po-001",
      "assignmentId": "asg-001",
      "description": "Voice recording - Dark Secrets Ep 1",
      "orderNumber": "ORD-2024-001",
      "showTitle": "Dark Secrets",
      "episode": "Episodio 1",
      "phase": "voice recording",
      "quantity": 45,
      "unit": "minutes",
      "unitPrice": 145,
      "amount": 6525,
      "lineOrder": 1
    },
    {
      "id": "line-002",
      "poId": "po-001",
      "assignmentId": "asg-002",
      "description": "Voice recording - Dark Secrets Ep 2",
      "orderNumber": "ORD-2024-001",
      "showTitle": "Dark Secrets",
      "episode": "Episodio 2",
      "phase": "voice recording",
      "quantity": 48,
      "unit": "minutes",
      "unitPrice": 145,
      "amount": 6960,
      "lineOrder": 2
    },
    {
      "id": "line-003",
      "poId": "po-001",
      "assignmentId": "asg-003",
      "description": "Voice recording - Dark Secrets Ep 3",
      "orderNumber": "ORD-2024-001",
      "showTitle": "Dark Secrets",
      "episode": "Episodio 3",
      "phase": "voice recording",
      "quantity": 42,
      "unit": "minutes",
      "unitPrice": 145,
      "amount": 6090,
      "lineOrder": 3
    },
    {
      "id": "line-004",
      "poId": "po-002",
      "assignmentId": "asg-004",
      "description": "Voice recording - City Lights Ep 1",
      "orderNumber": "ORD-2024-002",
      "showTitle": "City Lights",
      "episode": "Episodio 1",
      "phase": "voice recording",
      "quantity": 22,
      "unit": "minutes",
      "unitPrice": 180,
      "amount": 3960,
      "lineOrder": 1
    },
    {
      "id": "line-005",
      "poId": "po-002",
      "assignmentId": "asg-005",
      "description": "Voice recording - City Lights Ep 2",
      "orderNumber": "ORD-2024-002",
      "showTitle": "City Lights",
      "episode": "Episodio 2",
      "phase": "voice recording",
      "quantity": 22,
      "unit": "minutes",
      "unitPrice": 180,
      "amount": 3960,
      "lineOrder": 2
    },
    {
      "id": "line-006",
      "poId": "po-002",
      "assignmentId": "asg-006",
      "description": "Voice recording - City Lights Ep 3 (Bono calidad)",
      "orderNumber": "ORD-2024-002",
      "showTitle": "City Lights",
      "episode": "Episodio 3",
      "phase": "voice recording",
      "quantity": 22,
      "unit": "minutes",
      "unitPrice": 198,
      "amount": 4356,
      "lineOrder": 3
    },
    {
      "id": "line-007",
      "poId": "po-003",
      "assignmentId": "asg-007",
      "description": "Sound editing - City Lights Ep 1",
      "orderNumber": "ORD-2024-002",
      "showTitle": "City Lights",
      "episode": "Episodio 1",
      "phase": "sound editing",
      "quantity": 22,
      "unit": "minutes",
      "unitPrice": 0.45,
      "amount": 9.9,
      "lineOrder": 1
    },
    {
      "id": "line-008",
      "poId": "po-003",
      "assignmentId": "asg-008",
      "description": "Sound editing - City Lights Ep 2",
      "orderNumber": "ORD-2024-002",
      "showTitle": "City Lights",
      "episode": "Episodio 2",
      "phase": "sound editing",
      "quantity": 22,
      "unit": "minutes",
      "unitPrice": 0.45,
      "amount": 9.9,
      "lineOrder": 2
    },
    {
      "id": "line-009",
      "poId": "po-003",
      "assignmentId": "asg-009",
      "description": "Sound editing - City Lights Ep 3",
      "orderNumber": "ORD-2024-002",
      "showTitle": "City Lights",
      "episode": "Episodio 3",
      "phase": "sound editing",
      "quantity": 22,
      "unit": "minutes",
      "unitPrice": 0.45,
      "amount": 9.9,
      "lineOrder": 3
    },
    {
      "id": "line-010",
      "poId": "po-003",
      "assignmentId": "asg-010",
      "description": "Sound editing - City Lights Ep 4",
      "orderNumber": "ORD-2024-002",
      "showTitle": "City Lights",
      "episode": "Episodio 4",
      "phase": "sound editing",
      "quantity": 22,
      "unit": "minutes",
      "unitPrice": 0.45,
      "amount": 9.9,
      "lineOrder": 4
    }
  ],
  "payments": [
    {
      "id": "pay-001",
      "poId": "po-004",
      "vendorId": "ven-009",
      "amount": 15000,
      "currency": "ARS",
      "paymentDate": "2025-02-05",
      "paymentMethod": "bank_transfer",
      "referenceNumber": "TRF-2025-001234",
      "paymentHash": "a1b2c3d4e5f6g7h8i9j0k1l2m3n4o5p6",
      "createdAt": "2025-02-05T11:00:00Z"
    }
  ],
  "duplicatePaymentGroups": [
    {
      "id": "dup-001",
      "vendorId": "ven-001",
      "vendorName": "Agostina Ferreyra",
      "orderNumber": "ORD-2024-001",
      "showTitle": "Dark Secrets",
      "paymentMonth": "2025-01",
      "paymentCount": 2,
      "totalPaid": 39150,
      "poIds": ["po-001", "po-005"],
      "status": "pending_review",
      "detectedAt": "2025-02-06T09:00:00Z"
    }
  ],
  "settlementSummary": {
    "month": "2025-01",
    "totalVendors": 4,
    "totalAssignments": 14,
    "totalMinutes": 531,
    "totalsByCurrency": [
      {
        "currency": "ARS",
        "subtotal": 52375,
        "bonuses": 2376,
        "total": 54751
      },
      {
        "currency": "USD",
        "subtotal": 39.6,
        "bonuses": 0,
        "total": 39.6
      }
    ],
    "posGenerated": 4,
    "posPendingApproval": 1,
    "posApproved": 1,
    "posSentToErp": 1,
    "posPaid": 1
  }
}
